paper_sampe_id,A1,A2,B1,B2,C1,C2
train_sample_13,A*01:01,A*03:01,B*08:01,B*35:01,C*07:01,C*04:01
test_sample_0,A*01:01,A*01:01,B*51:01,B*51:01,C*16:02,C*16:02
train_sample_14,A*01:01,A*03:01,B*15:01,B*37:01,C*03:03,C*06:02
train_sample_15,A*01:01,A*25:01,B*08:01,B*18:01,C*12:03,C*07:01
test_sample_1,A*29:02,A*02:01,B*44:03,B*15:01,C*03:04,C*16:01
train_sample_17,A*33:01,A*03:01,B*35:01,B*14:02,C*04:01,C*08:02
test_sample_2,A*01:01,A*24:02,B*55:01,B*15:01,C*03:03,C*03:03
train_sample_16,A*01:01,A*11:01,B*08:01,B*55:01,C*03:03,C*07:01
train_sample_18,A*02:01,A*24:02,B*48:01,B*38:01,C*03:04,C*08:03
test_sample_3,A*02:01,A*01:01,B*08:01,B*51:01,C*01:02,C*07:01
test_sample_4,A*02:01,A*02:01,B*35:03,B*51:01,C*04:01,C*14:02
train_sample_19,A*01:01,A*33:01,B*44:03,B*35:01,C*02:02,C*04:01
train_sample_0,A*23:01,A*01:01,B*08:01,B*15:03,C*01:02,C*12:03
train_sample_1,A*11:01,A*11:01,B*27:02,B*55:01,C*03:03,C*05:01
train_sample_10,A*29:02,A*29:02,B*44:03,B*35:01,C*04:01,C*16:01
train_sample_20,A*32:01,A*23:01,B*44:03,B*44:06,C*05:01,C*04:01
train_sample_11,A*02:01,A*32:01,B*44:02,B*52:01,C*12:02,C*16:04
train_sample_22,A*31:01,A*03:01,B*08:01,B*38:01,C*12:03,C*07:01
train_sample_12,A*29:01,A*02:01,B*35:01,B*51:01,C*04:01,C*15:02
train_sample_21,A*03:01,A*24:02,B*44:03,B*55:01,C*03:03,C*16:01
train_sample_23,A*01:01,A*26:01,B*18:01,B*15:01,C*03:03,C*07:01
train_sample_24,A*24:02,A*23:01,B*51:01,B*15:01,C*03:03,C*14:02
train_sample_25,A*01:01,A*03:01,B*18:01,B*55:01,C*03:03,C*07:01
train_sample_26,A*01:01,A*11:01,B*08:01,B*40:01,C*03:04,C*07:01
train_sample_27,A*02:01,A*03:01,B*44:02,B*07:02,C*07:02,C*05:01
train_sample_28,A*03:01,A*03:01,B*35:03,B*51:01,C*03:03,C*04:01
train_sample_29,A*03:02,A*26:01,B*44:03,B*35:02,C*03:03,C*16:01
train_sample_2,A*01:01,A*24:02,B*08:01,B*18:01,C*07:01,C*07:01
train_sample_30,A*02:01,A*11:01,B*44:02,B*44:03,C*05:01,C*16:01
train_sample_31,A*24:02,A*01:01,B*08:01,B*35:01,C*07:01,C*04:01
train_sample_32,A*29:02,A*03:01,B*44:03,B*07:02,C*07:02,C*16:01
train_sample_33,A*02:03,A*68:01,B*15:02,B*15:13,C*08:01,C*08:01
train_sample_34,A*02:01,A*03:01,B*13:02,B*47:01,C*06:02,C*06:02
train_sample_35,A*02:05,A*03:01,B*50:01,B*27:05,C*02:02,C*06:02
train_sample_36,A*31:01,A*26:01,B*44:02,B*38:01,C*12:03,C*05:01
train_sample_37,A*03:01,A*03:01,B*07:02,B*51:01,C*07:02,C*01:02
train_sample_38,A*68:01,A*02:01,B*13:02,B*35:03,C*06:02,C*04:01
train_sample_39,A*03:01,A*03:01,B*35:01,B*15:01,C*03:03,C*04:01
train_sample_3,A*30:01,A*24:02,B*13:02,B*40:02,C*03:04,C*06:02
train_sample_40,A*01:01,A*03:01,B*08:01,B*07:02,C*07:02,C*07:01
train_sample_41,A*03:01,A*24:02,B*14:02,B*51:01,C*01:02,C*08:02
train_sample_42,A*02:01,A*32:01,B*18:01,B*15:01,C*07:04,C*04:01
train_sample_43,A*29:02,A*02:01,B*44:03,B*44:02,C*05:01,C*16:01
train_sample_44,A*11:01,A*23:01,B*35:01,B*49:01,C*07:01,C*04:01
train_sample_45,A*31:01,A*01:01,B*44:02,B*67:01,C*05:01,C*12:03
train_sample_46,A*01:01,A*33:01,B*44:03,B*35:01,C*02:02,C*04:01
train_sample_47,A*11:01,A*23:01,B*35:01,B*49:01,C*07:01,C*04:01
train_sample_48,A*24:02,A*25:01,B*18:01,B*07:02,C*07:02,C*12:03
train_sample_49,A*03:01,A*03:01,B*35:01,B*15:01,C*03:03,C*04:01
train_sample_4,A*30:02,A*33:03,B*08:01,B*35:01,C*07:01,C*07:01
train_sample_50,A*33:03,A*68:01,B*44:03,B*35:01,C*07:06,C*04:01
train_sample_51,A*31:01,A*26:01,B*44:02,B*38:01,C*12:03,C*05:01
train_sample_52,A*02:05,A*03:01,B*50:01,B*27:05,C*02:02,C*06:02
train_sample_53,A*01:01,A*24:02,B*08:01,B*18:01,C*07:01,C*07:01
train_sample_54,A*23:01,A*01:01,B*08:01,B*15:03,C*01:02,C*12:03
train_sample_55,A*01:01,A*24:02,B*08:01,B*08:01,C*07:01,C*07:01
train_sample_56,A*02:01,A*32:01,B*18:01,B*15:01,C*07:04,C*04:01
train_sample_57,A*01:01,A*11:01,B*08:01,B*40:01,C*03:04,C*07:01
train_sample_58,A*68:01,A*02:01,B*13:02,B*35:03,C*06:02,C*04:01
train_sample_59,A*02:01,A*24:02,B*48:01,B*38:01,C*03:04,C*08:03
train_sample_5,A*31:01,A*01:01,B*07:02,B*40:01,C*07:02,C*03:04
train_sample_60,A*01:01,A*26:01,B*18:01,B*15:01,C*03:03,C*07:01
train_sample_61,A*33:01,A*03:01,B*35:01,B*14:02,C*04:01,C*08:02
train_sample_62,A*02:01,A*68:01,B*44:02,B*44:02,C*05:01,C*07:04
train_sample_63,A*31:01,A*02:01,B*44:02,B*27:05,C*05:01,C*02:02
train_sample_64,A*02:01,A*23:01,B*18:01,B*15:03,C*02:10,C*02:02
train_sample_65,A*32:01,A*26:01,B*45:01,B*44:02,C*05:01,C*06:02
train_sample_66,A*32:01,A*03:01,B*35:01,B*27:05,C*02:02,C*04:01
train_sample_67,A*31:01,A*02:05,B*44:03,B*49:01,C*07:01,C*04:01
train_sample_68,A*30:04,A*33:01,B*14:02,B*49:01,C*07:01,C*08:02
train_sample_6,A*31:01,A*01:01,B*07:02,B*40:01,C*07:02,C*03:04
train_sample_7,A*01:01,A*03:01,B*08:01,B*18:01,C*07:01,C*07:01
train_sample_8,A*03:01,A*24:02,B*07:02,B*55:01,C*07:02,C*03:03
train_sample_9,A*11:01,A*68:01,B*51:01,B*56:01,C*01:02,C*07:02
